Average of IncreasedAwareness,Average of PretestTotal,Business_Category_(Asset):
3.923076923076923,20.615384615384617,Small
5,20,Medium
4.646017699115045,19.646017699115045,Micro
